{
  "segment_id": {
    "mean": 152.2188940092166,
    "std": 233.59681550631706
  },
  "start_time": {
    "mean": 29.497741935483873,
    "std": 51.043063219733796
  },
  "end_time": {
    "mean": 30.83718085206433,
    "std": 50.960446263001145
  },
  "rms_energy": {
    "mean": 0.09059017896652222,
    "std": 0.04001704230904579
  },
  "zero_crossing_rate": {
    "mean": 0.08769851109724462,
    "std": 0.05299184487307504
  },
  "spectral_centroid": {
    "mean": 2713.8578334928957,
    "std": 946.5208925401048
  },
  "spectral_bandwidth": {
    "mean": 2745.069419480532,
    "std": 795.0224801995823
  },
  "mfcc_1": {
    "mean": -294.42303466796875,
    "std": 81.28953552246094
  },
  "mfcc_2": {
    "mean": 119.89372253417969,
    "std": 43.18433380126953
  },
  "mfcc_3": {
    "mean": -43.3354606628418,
    "std": 42.34204864501953
  },
  "mfcc_4": {
    "mean": -6.541676998138428,
    "std": 34.60893249511719
  },
  "mfcc_5": {
    "mean": -20.27972412109375,
    "std": 27.334941864013672
  },
  "mfcc_6": {
    "mean": -4.8374342918396,
    "std": 21.300373077392578
  },
  "mfcc_7": {
    "mean": -12.466497421264648,
    "std": 18.37761878967285
  },
  "mfcc_8": {
    "mean": 4.788928508758545,
    "std": 18.05042839050293
  },
  "mfcc_9": {
    "mean": -6.7977118492126465,
    "std": 11.45970344543457
  },
  "mfcc_10": {
    "mean": 5.296782970428467,
    "std": 12.786030769348145
  },
  "mfcc_11": {
    "mean": -5.353576183319092,
    "std": 14.340840339660645
  },
  "mfcc_12": {
    "mean": 1.77484130859375,
    "std": 10.218746185302734
  },
  "mfcc_13": {
    "mean": -3.679206132888794,
    "std": 10.902859687805176
  }
}