{
  "rms_energy": {
    "min": 0.002012784592807293,
    "max": 0.2915579676628113
  },
  "zero_crossing_rate": {
    "min": 0.010122903963414634,
    "max": 0.3970100247130102
  },
  "spectral_centroid": {
    "min": 327.09774106285033,
    "max": 8875.015022715055
  },
  "spectral_bandwidth": {
    "min": 400.4689489097956,
    "max": 5358.024344614674
  },
  "mfcc": {
    "mfcc_1": {
      "min": -730.8768310546875,
      "max": -42.48725891113281
    },
    "mfcc_2": {
      "min": -89.59010314941406,
      "max": 240.3998260498047
    },
    "mfcc_3": {
      "min": -203.38299560546875,
      "max": 68.16069030761719
    },
    "mfcc_4": {
      "min": -79.3562240600586,
      "max": 153.7928466796875
    },
    "mfcc_5": {
      "min": -95.05215454101562,
      "max": 91.40454864501953
    },
    "mfcc_6": {
      "min": -65.7861328125,
      "max": 63.93726348876953
    },
    "mfcc_7": {
      "min": -64.76644897460938,
      "max": 68.2551040649414
    },
    "mfcc_8": {
      "min": -39.28840255737305,
      "max": 60.78562927246094
    },
    "mfcc_9": {
      "min": -60.70053482055664,
      "max": 33.128841400146484
    },
    "mfcc_10": {
      "min": -38.7783088684082,
      "max": 44.776100158691406
    },
    "mfcc_11": {
      "min": -36.7534294128418,
      "max": 46.642520904541016
    },
    "mfcc_12": {
      "min": -33.191993713378906,
      "max": 42.001895904541016
    },
    "mfcc_13": {
      "min": -32.1357307434082,
      "max": 42.936920166015625
    }
  }
}
