segment_id,start_time,end_time,rms_energy,zero_crossing_rate,spectral_centroid,spectral_bandwidth,mfcc_1,mfcc_2,mfcc_3,mfcc_4,mfcc_5,mfcc_6,mfcc_7,mfcc_8,mfcc_9,mfcc_10,mfcc_11,mfcc_12,mfcc_13
2,0.0,0.98,0.10895143,0.07631212599734043,2749.868070729055,2860.1430253425738,-259.61316,118.1962,-68.819046,18.538195,-28.72647,29.38702,-16.871592,10.374071,7.0296607,4.8014164,10.362102,11.7547865,-0.159614
