segment_id,start_time,end_time,rms_energy,zero_crossing_rate,spectral_centroid,spectral_bandwidth,mfcc_1,mfcc_2,mfcc_3,mfcc_4,mfcc_5,mfcc_6,mfcc_7,mfcc_8,mfcc_9,mfcc_10,mfcc_11,mfcc_12,mfcc_13
3,0.06999999999999999,1.1199999999999999,0.13706481,0.0783056640625,2910.819884510796,3128.6838544848156,-168.2952,121.3386,-67.1865,3.7450137,-12.882385,36.88852,-12.9063015,4.693304,-17.846434,-0.54409164,-7.9595337,10.084544,-4.301308
